,AAPL,NVDA,MSFT,AMZN,SOXX,JEPI,JEPQ,SGOV
AAPL,0.0625,0.07312500000000001,0.035750000000000004,0.04875,0.04375,0.01875,0.0225,0.00025
NVDA,0.07312500000000001,0.2025,0.06435,0.08775000000000001,0.07875,0.03375,0.0405,0.0004500000000000001
MSFT,0.035750000000000004,0.06435,0.0484,0.0429,0.0385,0.0165,0.019799999999999998,0.00022000000000000003
AMZN,0.04875,0.08775000000000001,0.0429,0.09,0.0525,0.0225,0.027,0.00030000000000000003
SOXX,0.04375,0.07875,0.0385,0.0525,0.12249999999999998,0.028875,0.03465,0.00035
JEPI,0.01875,0.03375,0.0165,0.0225,0.028875,0.0225,0.01485,0.00015000000000000001
JEPQ,0.0225,0.0405,0.019799999999999998,0.027,0.03465,0.01485,0.0324,0.00018
SGOV,0.00025,0.0004500000000000001,0.00022000000000000003,0.00030000000000000003,0.00035,0.00015000000000000001,0.00018,0.0004
