scenario,market_return,portfolio_return,volatility,impact
Base case scenario,0.08,0.17689699999999997,0.20859248548305856,0.0
Severe market downturn,-0.2,-0.14538300000000004,0.31288872822458785,-0.32228
Technology sector correction,0.0,-0.15,0.2711702311279761,-0.326897
Interest rate shock scenario,-0.05,0.09689699999999997,0.25031098257967027,-0.08
Strong growth scenario,0.15,0.257467,0.16687398838644685,0.08057000000000003
