,AAPL,NVDA,MSFT,AMZN,SOXX,JEPI,JEPQ,SGOV
AAPL,0.026896,0.044280,0.024600,0.029520,0.040180,0.009840,0.025256,0.000000
NVDA,0.044280,0.202500,0.067500,0.081000,0.110250,0.027000,0.069300,0.000000
MSFT,0.024600,0.067500,0.062500,0.045000,0.061250,0.015000,0.038500,0.000000
AMZN,0.029520,0.081000,0.045000,0.090000,0.063000,0.018000,0.046200,0.000000
SOXX,0.040180,0.110250,0.061250,0.063000,0.122500,0.021000,0.053900,0.000000
JEPI,0.009840,0.027000,0.015000,0.018000,0.021000,0.014400,0.005280,0.000000
JEPQ,0.025256,0.069300,0.038500,0.046200,0.053900,0.005280,0.048400,0.000000
SGOV,0.000000,0.000000,0.000000,0.000000,0.000000,0.000000,0.000000,0.000025
