{
  "theta0_deg": [
    5.0,
    10.0,
    15.0,
    20.0,
    25.0,
    30.0,
    35.0,
    40.0,
    45.0,
    50.0,
    55.0,
    60.0
  ],
  "theta0_rad": [
    0.087266,
    0.174533,
    0.261799,
    0.349066,
    0.436332,
    0.523599,
    0.610865,
    0.698132,
    0.785398,
    0.872665,
    0.959931,
    1.047198
  ],
  "T0": [
    2.00640929,
    2.00640929,
    2.00640929,
    2.00640929,
    2.00640929,
    2.00640929,
    2.00640929,
    2.00640929,
    2.00640929,
    2.00640929,
    2.00640929,
    2.00640929
  ],
  "T_series": [
    2.00736469,
    2.01023588,
    2.01503786,
    2.02179564,
    2.03054421,
    2.04132856,
    2.05420371,
    2.06923465,
    2.08649637,
    2.10607388,
    2.12806218,
    2.15256625
  ],
  "T_num": [
    3.2955803,
    4.61205631,
    5.93043052,
    7.25072779,
    8.57298348,
    9.89724398,
    11.22356741,
    12.55202462,
    13.88270035,
    15.21569472,
    16.55112505,
    17.88912812
  ],
  "err_small": [
    0.3911817916,
    0.5649642684,
    0.6616756092,
    0.723281669,
    0.765961372,
    0.7972759591,
    0.8212324817,
    0.8401525369,
    0.8554741339,
    0.868135545,
    0.8787750509,
    0.8878419742
  ],
  "err_series": [
    0.3908918892,
    0.5641345763,
    0.6602206441,
    0.7211596276,
    0.7631461429,
    0.7937477778,
    0.8169740835,
    0.8351473399,
    0.8497052936,
    0.8615854273,
    0.871424923,
    0.8796718186
  ]
}