{
  "theta0_deg": [
    5.0,
    10.0,
    15.0,
    20.0,
    25.0,
    30.0,
    35.0,
    40.0,
    45.0,
    50.0,
    55.0,
    60.0
  ],
  "theta0_rad": [
    0.08726646259971647,
    0.17453292519943295,
    0.2617993877991494,
    0.3490658503988659,
    0.4363323129985824,
    0.5235987755982988,
    0.6108652381980153,
    0.6981317007977318,
    0.7853981633974483,
    0.8726646259971648,
    0.9599310885968813,
    1.0471975511965976
  ],
  "T0": [
    2.0064092925890407,
    2.0064092925890407,
    2.0064092925890407,
    2.0064092925890407,
    2.0064092925890407,
    2.0064092925890407,
    2.0064092925890407,
    2.0064092925890407,
    2.0064092925890407,
    2.0064092925890407,
    2.0064092925890407,
    2.0064092925890407
  ],
  "T_series": [
    2.0073646892817525,
    2.010235879264721,
    2.0150378622524436,
    2.0217956377690833,
    2.030544205148469,
    2.041328563534094,
    2.0542037118791168,
    2.069234648946361,
    2.0864963733083166,
    2.1060738833471384,
    2.1280621772546446,
    2.152566253032321
  ],
  "T_num": [
    2.007364689489798,
    2.010235892602306,
    2.015038014606196,
    2.0217964972023017,
    2.0305475005160285,
    2.0413384658583684,
    2.054228870636964,
    2.069291201406111,
    2.0866121798349577,
    2.106294287395687,
    2.1284576486940088,
    2.153242351783843
  ],
  "err_small": [
    0.00047594585366560313,
    0.00190355770054019,
    0.004282163390769374,
    0.0076106594479480845,
    0.011887536696803957,
    0.017110917103421303,
    0.023278602852609957,
    0.030388139075999236,
    0.03843689211679996,
    0.04742214580572612,
    0.057341218971331306,
    0.06819160837755177
  ],
  "err_series": [
    1.0364114794497342e-10,
    6.634835895397873e-09,
    7.560837620748637e-08,
    4.2508393874410403e-07,
    1.6228960705827827e-06,
    4.8508978006113385e-06,
    1.2247300292032908e-05,
    2.732938685081985e-05,
    5.549978465585085e-05,
    0.00010464067147094768,
    0.00018580188316492575,
    0.0003139910149741663
  ]
}