{
  "metadata": {
    "L": 1.0,
    "g": 9.80665,
    "theta_low_deg": 5,
    "theta_high_deg": 60,
    "sample_count": 12,
    "integral_steps": 2000,
    "epsilon": 1e-10,
    "calculation_method": "Standard elliptic integral transformation"
  },
  "theta0_deg": [
    5.0,
    10.0,
    15.0,
    20.0,
    25.0,
    30.0,
    35.0,
    40.0,
    45.0,
    50.0,
    55.0,
    60.0
  ],
  "theta0_rad": [
    0.08726646259971647,
    0.17453292519943295,
    0.2617993877991494,
    0.3490658503988659,
    0.4363323129985824,
    0.5235987755982988,
    0.6108652381980153,
    0.6981317007977318,
    0.7853981633974483,
    0.8726646259971648,
    0.9599310885968813,
    1.0471975511965976
  ],
  "T0": [
    2.0064092925890407,
    2.0064092925890407,
    2.0064092925890407,
    2.0064092925890407,
    2.0064092925890407,
    2.0064092925890407,
    2.0064092925890407,
    2.0064092925890407,
    2.0064092925890407,
    2.0064092925890407,
    2.0064092925890407,
    2.0064092925890407
  ],
  "T_series": [
    2.0073646892817525,
    2.010235879264721,
    2.0150378622524436,
    2.0217956377690833,
    2.030544205148469,
    2.041328563534094,
    2.0542037118791168,
    2.069234648946361,
    2.0864963733083166,
    2.1060738833471384,
    2.1280621772546446,
    2.152566253032321
  ],
  "T_num": [
    2.0073646894897994,
    2.010235892602307,
    2.0150380146062012,
    2.0217964972023013,
    2.030547500516024,
    2.0413384658583715,
    2.054228870636963,
    2.069291201406112,
    2.0866121798349555,
    2.106294287395684,
    2.1284576486940048,
    2.1532423517838417
  ],
  "err_small": [
    0.00047594585366626655,
    0.001903557700540631,
    0.004282163390772007,
    0.007610659447947867,
    0.011887536696801797,
    0.0171109171034228,
    0.023278602852609534,
    0.030388139075999653,
    0.03843689211679894,
    0.04742214580572471,
    0.05734121897132953,
    0.06819160837755119
  ],
  "err_series": [
    1.0364181163485318e-10,
    6.634836337225829e-09,
    7.560837885213629e-08,
    4.250839385244533e-07,
    1.6228960683957445e-06,
    4.850897802134167e-06,
    1.2247300291600547e-05,
    2.7329386851249055e-05,
    5.549978465478677e-05,
    0.00010464067146947196,
    0.0001858018831630483,
    0.00031399101497354775
  ],
  "diff_Tseries_Tnum": [
    2.0804691303055733e-10,
    1.3337586146633384e-08,
    1.523537576098022e-07,
    8.59433217925698e-07,
    3.2953675552782613e-06,
    9.902324277444308e-06,
    2.5158757846366342e-05,
    5.655245975111356e-05,
    0.00011580652663889524,
    0.0002204040485453973,
    0.00039547143936013995,
    0.0006760987515206374
  ]
}