{
  "theta0_deg": [
    5.0,
    10.0,
    15.0,
    20.0,
    25.0,
    30.0,
    35.0,
    40.0,
    45.0,
    50.0,
    55.0,
    60.0
  ],
  "theta0_rad": [
    0.08726646259971647,
    0.17453292519943295,
    0.2617993877991494,
    0.3490658503988659,
    0.4363323129985824,
    0.5235987755982988,
    0.6108652381980153,
    0.6981317007977318,
    0.7853981633974483,
    0.8726646259971648,
    0.9599310885968813,
    1.0471975511965976
  ],
  "T0": [
    2.0064092925890407,
    2.0064092925890407,
    2.0064092925890407,
    2.0064092925890407,
    2.0064092925890407,
    2.0064092925890407,
    2.0064092925890407,
    2.0064092925890407,
    2.0064092925890407,
    2.0064092925890407,
    2.0064092925890407,
    2.0064092925890407
  ],
  "T_series": [
    2.0073646892817525,
    2.010235879264721,
    2.0150378622524436,
    2.0217956377690833,
    2.030544205148469,
    2.041328563534094,
    2.0542037118791168,
    2.069234648946361,
    2.0864963733083166,
    2.1060738833471384,
    2.1280621772546446,
    2.152566253032321
  ],
  "T_num": [
    1.9819269493509708,
    1.9847496163219425,
    1.9894704730080799,
    1.9961143962099879,
    2.0047167403619595,
    2.015323884789339,
    2.0279939676806062,
    2.042797831918271,
    2.0598202164058654,
    2.0791612371712,
    2.1009382161498205,
    2.1252879333104047
  ],
  "err_small": [
    0.012352797990908387,
    0.01091305225050857,
    0.008514235225290514,
    0.005157468128379643,
    0.000844284977026532,
    0.004423404231737313,
    0.010643362571858009,
    0.017813088872852347,
    0.0259298959158777,
    0.0349910066047316,
    0.04499367131986085,
    0.05593531062692079
  ],
  "err_series": [
    0.01283485243445117,
    0.012841046917549451,
    0.01285135396139147,
    0.012865616122931781,
    0.012883348687878006,
    0.012903473700195461,
    0.012923975424091773,
    0.012941474978590868,
    0.012950720985250746,
    0.012943991882300731,
    0.012910403978719351,
    0.012835117206649255
  ]
}