{
  "theta0_deg": [
    5.0,
    10.0,
    15.0,
    20.0,
    25.0,
    30.0,
    35.0,
    40.0,
    45.0,
    50.0,
    55.0,
    60.0
  ],
  "theta0_rad": [
    0.08726646259971647,
    0.17453292519943295,
    0.2617993877991494,
    0.3490658503988659,
    0.4363323129985824,
    0.5235987755982988,
    0.6108652381980153,
    0.6981317007977318,
    0.7853981633974483,
    0.8726646259971648,
    0.9599310885968813,
    1.0471975511965976
  ],
  "T0": [
    2.0064092925890407,
    2.0064092925890407,
    2.0064092925890407,
    2.0064092925890407,
    2.0064092925890407,
    2.0064092925890407,
    2.0064092925890407,
    2.0064092925890407,
    2.0064092925890407,
    2.0064092925890407,
    2.0064092925890407,
    2.0064092925890407
  ],
  "T_series": [
    2.0073646892817525,
    2.010235879264721,
    2.0150378622524436,
    2.0217956377690833,
    2.030544205148469,
    2.041328563534094,
    2.0542037118791168,
    2.069234648946361,
    2.0864963733083166,
    2.1060738833471384,
    2.1280621772546446,
    2.152566253032321
  ],
  "T_num": [
    3.295580298078209,
    4.612056313776417,
    5.930430519189794,
    7.250727791118926,
    8.572983483998131,
    9.897243977152709,
    11.223567408771274,
    12.552024621736116,
    13.882700354950988,
    15.215694724443528,
    16.55112505214945,
    17.889128118037245
  ],
  "err_small": [
    0.39118179163801226,
    0.564964268411943,
    0.6616756091995909,
    0.7232816690420241,
    0.7659613719851326,
    0.7972759591234958,
    0.8212324816598846,
    0.8401525368971491,
    0.8554741339012266,
    0.8681355449800259,
    0.8787750508640817,
    0.8878419742231026
  ],
  "err_series": [
    0.3908918892213517,
    0.5641345763146783,
    0.6602206440608067,
    0.7211596275555283,
    0.7631461428872955,
    0.7937477778413466,
    0.816974083456411,
    0.8351473398671395,
    0.8497052936416503,
    0.8615854273177683,
    0.8714249230460452,
    0.8796718186135672
  ]
}